,hearders
0,Meet your Google Assistant
1,"Ask it questions. Tell it to do things. It's your own personal Google, always ready to help with over 1 million actions."
2,Product news
3,Search & explore
4,Search
5,Ask questions. Find answers.
6,Maps
7,Explore your neighborhood and get around with real-time traffic information.
8,Translate
9,"Speak, scan, type, or draw to translate in over 100 languages."
10,Chrome
11,"One fast, simple, and secure browser for all your devices."
12,Maps
13,Watch & play
14,YouTube Music
15,A new music streaming app. Made by YouTube.
16,Chromecast
17,"Stream movies, music and more from your phone to your TV."
18,Google Play Movies & TV
19,"The newest releases, plus all your favorites, even on your TV."
20,YouTube
21,"Discover, watch, and share your favorite videos and music."
22,Youtube
23,Devices made by Google
24,Pixel
25,"The phone with the best of Google, all in one place."
26,Connected Home
27,Introducing Google Nest. Welcome to the helpful home.
28,Pixel Slate
29,Thoughtful modern computing for you.
30,Google Wifi
31,"A Wi-Fi system that gives you fast, reliable coverage, in every room."
32,Pixel
33,Use anywhere
34,Android OS
35,The platform that gets better every day.
36,Wear OS by Google
37,"Make every minute matter – track fitness, stay connected, stay ahead."
38,Chromebook
39,"Speedy, secure and smart devices that run Chrome OS."
40,Android Auto
41,"Voice actions, navigation, and music - now in your car."
42,Wear OS by Google
43,Talk & text
44,Gmail
45,"Email by Google—secure, smart and easy to use—helping you save time and do more with your inbox"
46,Messages
47,"Simple, helpful messaging to help you connect with those who matter."
48,Google Duo
49,"Simple, high quality video calling for Android and iOS."
50,Google Chat
51,Google Chat allows you to securely message with your team.
52,Gmail
53,Stay organised
54,Google Photos
55,"All your photos, organized, and easy to find."
56,Contacts
57,"Keep your address book clean, safely backed up, and available everywhere."
58,Calendar
59,Organize your schedule and share events with those in your life.
60,Keep
61,"Save your thoughts as notes, lists, and voice memos from anywhere."
62,Photos
63,Work smarter
64,Docs
65,"All your documents, editable and shareable, wherever you are."
66,Sheets
67,Smart spreadsheets you can work on from anywhere.
68,Slides
69,Tell stories with presentations you can create and take anywhere.
70,Drive
71,"A safe place to keep, access, and share your files."
72,Google Workspace
73,Grow your business
74,Google Ads
75,Show up when customers search for what you offer.
76,AdSense
77,Monetize your content with ads.
78,Analytics
79,Gain customer insights across your channels.
80,Google My Business
81,"Stand out to customers looking for you on Google Search and Maps, for free."
82,Google Ads
83,See all products
84,For all
85,For business
86,For developers
87,Follow us on:
88,More about us
89,Press room
90,Policy
